{"stats":{"minecraft:killed_by":{"minecraft:skeleton":2},"minecraft:mined":{"minecraft:grass":3,"minecraft:grass_block":1,"minecraft:purple_bed":2,"minecraft:dirt_path":1,"minecraft:dirt":1,"minecraft:dandelion":1,"gravestone:gravestone":2},"minecraft:crafted":{"minecraft:spruce_planks":32},"minecraft:used":{"minecraft:white_wool":1,"minecraft:dirt":10,"minecraft:purple_bed":1,"minecraft:sweet_berries":9,"minecraft:bread":1,"minecraft:spruce_planks":3,"minecraft:dandelion":2},"minecraft:picked_up":{"sophisticatedbackpacks:gold_backpack":1,"minecraft:arrow":3,"minecraft:purple_bed":2,"minecraft:wheat_seeds":6,"minecraft:dandelion":2,"securitycraft:universal_block_reinforcer_lvl2":1,"minecraft:white_wool":1,"minecraft:dirt":28,"minecraft:bone":3},"minecraft:custom":{"minecraft:open_barrel":1,"minecraft:time_since_rest":6135,"minecraft:open_chest":4,"minecraft:play_time":31601,"minecraft:sprint_one_cm":22894,"minecraft:walk_one_cm":42388,"minecraft:damage_taken":645,"minecraft:deaths":2,"minecraft:drop":9,"minecraft:jump":114,"minecraft:time_since_death":3507,"minecraft:total_world_time":31601,"minecraft:climb_one_cm":567,"minecraft:fall_one_cm":2173,"minecraft:fly_one_cm":15118},"minecraft:dropped":{"gravestone:obituary":2,"minecraft:wheat_seeds":6,"mca:book_romance":1}},"DataVersion":3465}