{"stats":{"minecraft:killed_by":{"minecraft:skeleton":1},"minecraft:mined":{"minecraft:grass":3,"minecraft:grass_block":1,"minecraft:purple_bed":1,"minecraft:dirt_path":1,"minecraft:dandelion":1,"gravestone:gravestone":1},"minecraft:crafted":{"minecraft:spruce_planks":32},"minecraft:used":{"minecraft:dirt":4,"minecraft:purple_bed":1,"minecraft:sweet_berries":6,"minecraft:bread":1,"minecraft:spruce_planks":3,"minecraft:dandelion":1},"minecraft:picked_up":{"minecraft:purple_bed":1,"minecraft:dandelion":1,"minecraft:dirt":5},"minecraft:custom":{"minecraft:open_barrel":1,"minecraft:time_since_rest":7575,"minecraft:open_chest":4,"minecraft:play_time":19601,"minecraft:sprint_one_cm":8546,"minecraft:walk_one_cm":25254,"minecraft:damage_taken":445,"minecraft:deaths":1,"minecraft:drop":2,"minecraft:jump":35,"minecraft:time_since_death":7451,"minecraft:total_world_time":19601,"minecraft:climb_one_cm":567,"minecraft:fall_one_cm":1128,"minecraft:fly_one_cm":2148},"minecraft:dropped":{"gravestone:obituary":1,"mca:book_romance":1}},"DataVersion":3465}