{"stats":{"minecraft:dropped":{"minecraft:chicken":1},"minecraft:picked_up":{"minecraft:chicken":1,"minecraft:leather_leggings":1,"minecraft:wheat_seeds":8,"minecraft:gravel":1,"minecraft:dirt":25},"minecraft:custom":{"minecraft:open_chest":1,"minecraft:time_since_rest":1286,"minecraft:crouch_one_cm":281,"minecraft:sprint_one_cm":18637,"minecraft:play_time":14684,"minecraft:deaths":1,"minecraft:damage_taken":219,"minecraft:walk_one_cm":28163,"minecraft:sneak_time":55,"minecraft:walk_under_water_one_cm":1179,"minecraft:mob_kills":1,"minecraft:drop":1,"minecraft:jump":172,"minecraft:damage_dealt":279,"minecraft:leave_game":3,"minecraft:walk_on_water_one_cm":2118,"minecraft:time_since_death":1258,"minecraft:total_world_time":14684,"minecraft:talked_to_villager":1,"minecraft:player_kills":1,"minecraft:swim_one_cm":5221,"minecraft:fall_one_cm":2984,"minecraft:fly_one_cm":26186},"minecraft:killed":{"minecraft:chicken":1},"minecraft:used":{"minecraft:leather_leggings":2,"minecraft:dirt":25,"minecraft:gravel":1},"minecraft:mined":{"minecraft:grass":42,"minecraft:grass_block":9,"minecraft:gravel":1,"minecraft:dirt":17,"minecraft:tall_grass":3},"minecraft:killed_by":{"minecraft:player":1}},"DataVersion":3465}