{"stats":{"minecraft:mined":{"minecraft:grass":26,"minecraft:grass_block":16,"minecraft:dirt":6,"minecraft:sweet_berry_bush":2,"minecraft:dandelion":4},"minecraft:used":{"minecraft:dirt":7,"minecraft:mutton":1,"minecraft:dandelion":4},"minecraft:custom":{"minecraft:time_since_rest":6692,"minecraft:play_time":22021,"minecraft:crouch_one_cm":4820,"minecraft:sprint_one_cm":12475,"minecraft:damage_taken":120,"minecraft:walk_one_cm":35571,"minecraft:sneak_time":1132,"minecraft:mob_kills":2,"minecraft:drop":30,"minecraft:jump":120,"minecraft:damage_dealt":105,"minecraft:leave_game":1,"minecraft:time_since_death":22021,"minecraft:sleep_in_bed":1,"minecraft:total_world_time":22021,"minecraft:fall_one_cm":1091,"minecraft:fly_one_cm":5903},"minecraft:killed":{"minecraft:sheep":1,"minecraft:skeleton":1},"minecraft:picked_up":{"sophisticatedbackpacks:gold_backpack":1,"minecraft:arrow":2,"minecraft:wheat_seeds":12,"minecraft:dandelion":15,"minecraft:mutton":1,"minecraft:white_wool":2,"minecraft:spider_eye":2,"minecraft:dirt":8},"minecraft:dropped":{"minecraft:dirt":1,"minecraft:spider_eye":2,"iceandfire:armor_silver_leggings":1,"minecraft:wheat_seeds":12,"minecraft:white_wool":2,"minecraft:dandelion":11,"sophisticatedbackpacks:gold_backpack":1}},"DataVersion":3465}