{"stats":{"minecraft:mined":{"minecraft:grass_block":11},"minecraft:used":{"minecraft:dirt":1},"minecraft:picked_up":{"minecraft:spider_eye":2,"minecraft:dandelion":7,"minecraft:dirt":1},"minecraft:custom":{"minecraft:jump":28,"minecraft:time_since_rest":10021,"minecraft:damage_dealt":15,"minecraft:sprint_one_cm":4235,"minecraft:crouch_one_cm":633,"minecraft:leave_game":1,"minecraft:play_time":10021,"minecraft:damage_taken":70,"minecraft:time_since_death":10021,"minecraft:walk_one_cm":13137,"minecraft:sneak_time":100,"minecraft:total_world_time":10021,"minecraft:drop":9,"minecraft:fly_one_cm":1385},"minecraft:dropped":{"minecraft:spider_eye":2,"minecraft:dandelion":7}},"DataVersion":3465}