{"stats":{"minecraft:used":{"sophisticatedbackpacks:gold_backpack":4},"minecraft:picked_up":{"minecraft:dirt":1},"minecraft:killed":{"minecraft:spider":1},"minecraft:custom":{"minecraft:jump":26,"minecraft:time_since_rest":11495,"minecraft:damage_dealt":220,"minecraft:sprint_one_cm":3276,"minecraft:play_time":11495,"minecraft:damage_taken":20,"minecraft:time_since_death":11495,"minecraft:walk_one_cm":9526,"minecraft:sneak_time":67,"minecraft:total_world_time":11495,"minecraft:mob_kills":1,"minecraft:fall_one_cm":404,"minecraft:fly_one_cm":11037}},"DataVersion":3465}