{"stats":{"minecraft:used":{"sophisticatedbackpacks:gold_backpack":4},"minecraft:killed":{"minecraft:spider":1},"minecraft:picked_up":{"sophisticatedbackpacks:gold_backpack":2,"gravestone:obituary":1,"iceandfire:armor_silver_leggings":1,"minecraft:wheat_seeds":1,"minecraft:dirt":1},"minecraft:custom":{"minecraft:jump":27,"minecraft:time_since_rest":23495,"minecraft:damage_dealt":220,"minecraft:sprint_one_cm":3685,"minecraft:play_time":23495,"minecraft:damage_taken":20,"minecraft:time_since_death":23495,"minecraft:walk_one_cm":11193,"minecraft:sneak_time":67,"minecraft:total_world_time":23495,"minecraft:mob_kills":1,"minecraft:drop":5,"minecraft:fall_one_cm":404,"minecraft:fly_one_cm":12220},"minecraft:dropped":{"minecraft:wheat_seeds":1,"securitycraft:universal_block_reinforcer_lvl2":1,"sophisticatedbackpacks:gold_backpack":3}},"DataVersion":3465}