{"stats":{"minecraft:used":{"minecraft:wooden_pickaxe":11,"minecraft:crafting_table":1},"minecraft:picked_up":{"minecraft:spruce_log":8,"minecraft:cobblestone":10},"minecraft:mined":{"minecraft:stone":10,"minecraft:spruce_leaves":3,"minecraft:spruce_log":8,"minecraft:fern":1},"minecraft:custom":{"minecraft:jump":40,"minecraft:time_since_rest":8086,"minecraft:leave_game":1,"minecraft:sprint_one_cm":7992,"minecraft:play_time":8086,"minecraft:time_since_death":8086,"minecraft:walk_one_cm":8877,"minecraft:total_world_time":8086,"minecraft:interact_with_crafting_table":1,"minecraft:fall_one_cm":627,"minecraft:fly_one_cm":5060},"minecraft:crafted":{"minecraft:crafting_table":1,"minecraft:spruce_planks":32,"minecraft:stick":4,"minecraft:wooden_pickaxe":1}},"DataVersion":3465}