{"stats":{"minecraft:picked_up":{"minecraft:spruce_log":8,"minecraft:mutton":1,"minecraft:white_wool":1,"minecraft:cobblestone":10},"minecraft:mined":{"minecraft:spruce_leaves":3,"minecraft:spruce_log":8,"minecraft:stone":10,"minecraft:fern":1},"minecraft:killed":{"minecraft:sheep":1},"minecraft:crafted":{"minecraft:crafting_table":1,"minecraft:spruce_planks":32,"minecraft:stick":4,"minecraft:wooden_pickaxe":1},"minecraft:custom":{"minecraft:time_since_rest":11572,"minecraft:sprint_one_cm":10664,"minecraft:play_time":11572,"minecraft:walk_one_cm":15656,"minecraft:sneak_time":30,"minecraft:mob_kills":1,"minecraft:jump":42,"minecraft:damage_dealt":79,"minecraft:leave_game":1,"minecraft:time_since_death":11572,"minecraft:total_world_time":11572,"minecraft:interact_with_crafting_table":1,"minecraft:fall_one_cm":627,"minecraft:fly_one_cm":5114},"minecraft:used":{"minecraft:mutton":1,"minecraft:crafting_table":1,"minecraft:wooden_pickaxe":26}},"DataVersion":3465}